,Name,Singer,mood
0,All Messed Up,Sum 41,Angry
1,All Nightmare Long , Metallica,Angry
2,American Idiot (Album Version) , Green Day,Angry
3,Angry Again , Megadeth,Angry
4,Annihilation By The Hands Of God (Album Version) , Roadrunner United ,Angry
5,Another Time Around,Sum 41,Angry
6,Awaken,Disturbed,Angry
7,Ballad Of Ira Hayes,Johnny Cash,Angry
8,Battery , Metallica,Angry
9,Before You Die,Bad Religion,Angry
10,Blood Red,Slayer,Angry
11,You Oughta Know,Alanis Morissette,Angry
12,Blood Roses , Tori Amos,Angry
13,Break Stuff,Limp Bizkit,Angry
14,Breaking The Law , Judas Priest,Angry
15,Breaking Your Own Heart,Kelly Clarkson,Angry
16,Burn In My Light,Mercy Drive,Angry
17,Cage The Beast , Adelitas Way,Angry
18,Civil War , Guns N' Roses,Angry
19,Cleanin Out My Closet,Eminem,Angry
20,Costume Makes The Clown,Shakira,Angry
21,Creeping Death , Metallica,Angry
22,Criminal,Eminem,Angry
23,Dark Side,Kelly Clarkson,Angry
24,Dead And Gone , T.I.,Angry
25,Dead Beat , A Place To Bury Strangers,Angry
26,Dear Father,Sum 41,Angry
27,Defy You , The Offspring,Angry
28,do what they say,Korn,Angry
29,Don'T Cry,Guns N' Roses,Angry
30,Dope Hat , Marilyn Manson,Angry
31,Eat You Alive , Limp Bizkit,Angry
32,eminem,no afraid,Angry
33,"Endless, Nameless",Nirvana,Angry
34,Enter Sandman,Metallica,Angry
35,Erased,Annie Lennox,Angry
36,ever be,Korn,Angry
37,Evolution,Korn,Angry
38,Exit , Longwave,Angry
39,Eyeless [Explicit],Slipknot,Angry
40,Fat Lip,SUM 41,Angry
41,Flat On The Floor,Nickelback,Angry
42,Fuel , Metallica,Angry
43,Get Me Gone,Fort Minor,Angry
44,Going Through Changes,Eminem,Angry
45,Gone , Kelly Clarkson,Angry
46,Gunpowder & Lead,Miranda Lambert,Angry
47,Handle This,SUM 41,Angry
48,Hardly Wait,Pj Harvey,Angry
49,Heresy,Nine Inch Nails,Angry
50,Hero of the Soviet Union,The Dillinger Escape Plan,Angry
51,Hide And Seek,Dannii Minogue,Angry
52,Hit The Lights , Metallica,Angry
53,Holiday (Album Version) , Green Day,Angry
54,Hurt , Adelitas Way,Angry
55,I Ain'T Goin' Out Like That,Cypress Hill,Angry
56,I Am Hated (Album Version),161,Angry
57,I Hate Everything About You,Three Days Grace,Angry
58,I'M Back,Eminem,Angry
59,In My Darkest Hour , Megadeth,Angry
60,Jesus Christ Pose , Soundgarden,Angry
61,Jumpdafuckup (Album Version),Soulfly,Angry
62,â€™Till I Collapse,Eminem feat. Nate Dogg,Angry
63,Kill You,Eminem,Angry
64,kiss,Korn,Angry
65,Kiss Off,Violent Femmes,Angry
66,Lamb Of God,Marilyn Mans,Angry
67,Leper Messiah , Metallica,Angry
68,Let Me Down,Kelly Clarkson,Angry
69,Liberate , Disturbed,Angry
70,Like Toy Soldiers , Eminem,Angry
71,Limp Bizkit,The Truth,Angry
72,Little Smirk,Theory Of A Deadman,Angry
73,Lose Yourself,Eminem,Angry
74,Lunchbox,Marilyn Manson,Angry
75,Marshall Mathers,Eminem,Angry
76,Master Of Puppets,Metallica,Angry
77,Maybe , Kelly Clarkson,Angry
78,Motivation,SUM 41,Angry
79,Motorbreath , Metallica,Angry
80,Mr. Know It All , Kelly Clarkson,Angry
81,Music Box,Eminem,Angry
82,My Derailment,Adelitas Way,Angry
83,My Life Would Suck Without You,Kelly Clarkson,Angry
84,Never Again , Kelly Clarkson,Angry
85,Nookie , Limp Bizkit,Angry
86,Nothing Else Matters,Metallica,Angry
87,One Mic , Nas,Angry
88,Only,Nine Inch Nails,Angry
89,Orchids,Stone Sour,Angry
90,Paint It Black,Vanessa Carlton,Angry
91,Pancake,Tori Amos,Angry
92,Physical (You'Re So),Nine Inch Nails,Angry
93,Pick Up the Phone,Falling In Reverse,Angry
94,Picture To Burn,Taylor Swift,Angry
95,Pig,Sparklehorse,Angry
96,Playing Your Song,Hole,Angry
97,Pretend We'Re Dead , L7,Angry
98,Pretty Fly (For A White Guy) , The Offspring,Angry
99,Pride,Manchester Orchestra,Angry
100,'Till I Collapse,Eminem,Angry
101,25 To Life,Eminem,Angry
102,A Century Ends,David Gray,Angry
103,A N I C,Sum 41,Angry
104,Rain Man,Eminem,Angry
105,Reason to Believe,Sum 41,Angry
106,Requiem,Lamb of God,Angry
107,Rid Of Me,Pj Harvey,Angry
108,Ride The Lightning , Metallica,Angry
109,Ridin',"Chamillionaire,sway",Angry
110,Rootless Tree,Damien Rice,Angry
111,Rush,Talib Kweli,Angry
112,Screaming For Vengeance , Judas Priest,Angry
113,Send It Up,"King Louie,Kanye West",Angry
114,Sermon,Drowning Pool,Angry
115,Shade Of Blue,Black Rebel Motorcycle Club,Angry
116,Shitlist , L7,Angry
117,Sick , Adelitas Way,Angry
118,Skinny Little Bitch,Hole,Angry
119,Skinnyman , Static-X,Angry
120,So Bad,Eminem,Angry
121,Somebody,Blue October,Angry
122,Something Told Me,Coal Chamber,Angry
123,Somewhat Damaged,Nine Inch Nails,Angry
124,South Of Heaven,Slayer,Angry
125,Sowing Season,Brand New,Angry
126,Space Bound,Eminem,Angry
127,Spaceship,Kanye West,Angry
128,Spade , Marilyn Manson,Angry
129,St. Anger,Metallica,Angry
130,Stan,Eminem,Angry
131,"Starfuckers, Inc.",Nine Inch Nails,Angry
132,Stationary Stationery , Anberlin,Angry
133,Stay Away , Nirvana,Angry
134,sum 41,skumfuk,Angry
135,Summer Cannibals , Patti Smith,Angry
136,Surviving The Times , Nas,Angry
137,Sweet Amber,Metallica,Angry
138,T H T,Sum 41,Angry
139,Tell That Mick He Just Made My List Of Things To Do Today , Fall Out Boy,Angry
140,Thanks For Nothing,Sum 41,Angry
141,The Angry Mob , Kaiser Chiefs,Angry
142,The Channel , Limp Bizkit,Angry
143,The Enemy (Album Version),Roadrunner United,Angry
144,The Four Horsemen , Metallica,Angry
145,The Key , Limp Bizkit,Angry
146,The Life And Death Of Mr. Badmouth,Pj Harvey,Angry
147,The Priest , Limp Bizkit,Angry
148,The Propaganda , Limp Bizkit,Angry
149,The Ripper , Judas Priest,Angry
150,The Story , Limp Bizkit,Angry
151,The Surrender,Limp Bizkit,Angry
152,The Unforgiven,Metallica,Angry
153,The Unnamed Feeling , Metallica,Angry
154,The Way I Am,Eminem,Angry
155,Time for You to Go,Sum 41,Angry
156,"tyler, the creator",yonkers,Angry
157,Underclass Hero,Sum 41,Angry
158,Use Your Fist And Not Your Mouth,Marilyn Manson,Angry
159,Violet,Hole,Angry
160,Want,Natalie Imbruglia,Angry
161,Want You Bad , The Offspring,Angry
162,Wargasm , L7,Angry
163,We'Re All To Blame,SUM 41,Angry
164,What Are You,David Gray,Angry
165,Wherever I May Roam , Metallica,Angry
166,Who Knew , Eminem,Angry
167,Who The Fuck_,Pj Harvey,Angry
168,With Teeth,Nine Inch Nails,Angry
169,You Could Be Mine , Guns N' Roses,Angry
170,You Know What You Are_,Nine Inch Nails,Angry
139,Tell That Mick He Just Made My List Of Things To Do Today , Fall Out Boy,Disgust
632,Foundations,Kate Nash,Disgust
690,Marching Bands Of Manhattan,Death Cab For Cutie,Disgust
132,Stationary Stationery , Anberlin,Disgust
11,You Oughta Know,Alanis Morissette,Disgust
127,Spaceship,Kanye West,Disgust
759,Unfold,The XX,Disgust
35,Erased,Annie Lennox,Disgust
737,That Year,Brandi Carlile,Disgust
51,Hide And Seek,Dannii Minogue,Disgust
581,A Place Nearby,Lene Marlin,Disgust
618,Dreamer,Uh Huh Her,Disgust
19,Cleanin Out My Closet,Eminem,Disgust
620,Dying In The Sun,The Cranberries,Disgust
694,miserable at best,mayday parade,Disgust
1,All Nightmare Long , Metallica,Disgust
643,Heaven,Beyonce,Disgust
25,Dead Beat , A Place To Bury Strangers,Disgust
603,California Dreaming,North,Disgust
666,It Doesn't Have To Be Beautiful,Slow Club,Disgust
770,Wise Up,Aimee Mann,Disgust
698,My Name Is Trouble,Keren Ann,Disgust
2,American Idiot (Album Version) , Green Day,Disgust
724,Shattered,trading yesterday,Disgust
92,Physical (You'Re So),Nine Inch Nails,Disgust
699,Never Gonna Love Again,Lykke Li,Disgust
21,Creeping Death , Metallica,Disgust
41,Flat On The Floor,Nickelback,Disgust
128,Spade , Marilyn Manson,Disgust
85,Nookie , Limp Bizkit,Disgust
732,Stupid,Toni Braxton,Disgust
774,You Stole,Brand New,Disgust
637,Hallelujah,Rufus Wainwright,Disgust
73,Lose Yourself,Eminem,Disgust
638,Happily Never After,The Pussycat Dolls,Disgust
126,Space Bound,Eminem,Disgust
602,Broken,Jake Bugg,Disgust
745,The Ketchup Song (Asereje),Cats Up,Disgust
138,T H T,Sum 41,Disgust
748,The Scientist,Coldplay,Disgust
613,Death To Birth,Michael Pitt,Disgust
76,Master Of Puppets,Metallica,Disgust
696,my gift of silence,Blackfield,Disgust
12,Blood Roses , Tori Amos,Disgust
99,Pride,Manchester Orchestra,Disgust
657,I Knew I Loved You,Savage Garden,Disgust
741,The Day Before The Day,Dido,Disgust
88,Only,Nine Inch Nails,Disgust
720,Seventeen,Keren Ann,Disgust
116,Shitlist , L7,Disgust
710,Parisienne Moonlight,Anathema,Disgust
40,Fat Lip,SUM 41,Disgust
716,Remember The Day,Animal Alpha,Disgust
647,Hero,Mariah Carey,Disgust
636,Half Life,Imogen Heap,Disgust
53,Holiday (Album Version) , Green Day,Disgust
634,Goodbye my lover,James blunt,Disgust
46,Gunpowder & Lead,Miranda Lambert,Disgust
664,Innocent,Taylor Swift,Disgust
167,Who The Fuck_,Pj Harvey,Disgust
101,25 To Life,Eminem,Disgust
589,Angel Of Mine,Monica,Disgust
106,Requiem,Lamb of God,Disgust
28,do what they say,Korn,Disgust
615,Do I Have To Cry For You,Nick Carter,Disgust
725,She Will Be Loved,Maroon 5,Disgust
119,Skinnyman , Static-X,Disgust
757,U-Turn (Lili),Aaron,Disgust
151,The Surrender,Limp Bizkit,Disgust
152,The Unforgiven,Metallica,Disgust
697,My Love,Lene Marlin,Disgust
123,Somewhat Damaged,Nine Inch Nails,Disgust
708,One Time,Justin Bieber,Disgust
611,Communication,The Cardigans,Disgust
755,To Blossom Blue,Lake Of Tears,Disgust
672,Last Goodbye,Ke$ha,Disgust
140,Thanks For Nothing,Sum 41,Disgust
145,The Key , Limp Bizkit,Disgust
722,Shape Of My Heart,Backstreet Boys,Disgust
612,Cry,James Blunt,Disgust
671,Last Christmas,Taylor Swift,Disgust
121,Somebody,Blue October,Disgust
148,The Propaganda , Limp Bizkit,Disgust
682,Lonely Girls,Lucinda Williams,Disgust
597,Blue Velvet,Lana Del Rey,Disgust
673,Last Kiss,Taylor Swift,Disgust
595,Better Than A Hallelujah,AMY GRANT,Disgust
668,Jar Of Hearts,Christina Perri,Disgust
36,ever be,Korn,Disgust
739,The Blower'S Daughter,Damien Rice,Disgust
653,How To Fight  Loneliness,Wilco,Disgust
47,Handle This,SUM 41,Disgust
624,Everything Will Flow,Suede,Disgust
692,Maybe California,Tori Amos,Disgust
93,Pick Up the Phone,Falling In Reverse,Disgust
606,Christmas In My Heart (Single Version),Sarah Connor,Disgust
143,The Enemy (Album Version),Roadrunner United,Disgust
651,How,regina spektor,Disgust
134,sum 41,skumfuk,Disgust
644,Here Come The Tears,Judas Priest,Disgust
377,03.45 _ No Sleep,The Cardigans,Fear
378,Cicadas & Gulls,Feist,Fear
379,Cold Water,Damien Rice,Fear
380,Coldest Winter,Matt Cab,Fear
381,Comes And Goes (In Waves),Greg Laswell,Fear
382,Communication,The Cardigans,Fear
383,Cry For Help,Rick Astley,Fear
384,Cry On My Shoulder,Bonnie Raitt,Fear
385,Dear Diary,Britney Spears,Fear
386,Dream,Priscilla Ahn,Fear
387,Dreaming My Dreams With You,Alison Krauss,Fear
388,End Of May,Keren Ann,Fear
389,Even Now,William Fitzsimmons,Fear
390,Explorers,Sky Sailing,Fear
391,Fall For Your Type,Jamie Foxx,Fear
392,Falling In Love At A Coffee Shop,Landon Pigg,Fear
393,Fireflies,Owl City,Fear
394,Forever Friends,·ëêØæ¥,Fear
395,Free Life,Dan Wilson,Fear
396,Geek In The Pink,Jason Mraz,Fear
397,Give Me Life,Daniel Powter,Fear
398,Godspeed (Sweet Dreams),Dixie Chicks,Fear
399,Going Home,Sophie Zelmani,Fear
400,gold in the air of summer,Kings Of Convenience,Fear
401,Good Girl Gone Bad,Rihanna,Fear
402,Goodbye,Sophie Zelmani,Fear
403,Grace,Laura Story,Fear
404,grace is gone,Dave Matthews Band,Fear
405,Grafton Street,Dido,Fear
406,Hands On The Radio,Chris Garneau,Fear
407,Hard Believer,First Aid Kit,Fear
408,He Will Carry Me,Mark Schultz,Fear
409,Hear The Noise That Moves So Soft And Low,James Vincent McMorrow,Fear
410,Her Morning Elegance,Oren Lavie,Fear
411,Here I Am,Leona Lewis,Fear
412,Home,Michael Bubl¨¦,Fear
413,Homesick,Kings Of Convenience,Fear
414,Honestly,Jo De La Rosa,Fear
415,How To Save A Life,The Fray,Fear
416,I Am Falling Now,Maximilian Hecker,Fear
417,I Believe In Love,Dixie Chicks,Fear
418,I Belong To Me,Jessica Simpson,Fear
419,I Bruise Easily,Natasha Bedingfield,Fear
420,I Don'T Want To Say Goodbye,Teddy Thompson,Fear
421,I Miss You,Darren Hayes,Fear
422,I Need My Girl,The National,Fear
423,I Need Some Sleep,Eels,Fear
424,I Was Only Joking,Rod Stewart,Fear
425,I Wonder (Departure),Abba,Fear
426,I'M Sorry That The Kitchen Is On Fire,Tamas Wells,Fear
427,I've Been In Love Before,Cutting Crew,Fear
428,I'Ve Never Been To Me,Charlene,Fear
429,imagine me without you,Jaci Velasquez,Fear
430,In My Secret Life,Leonard Cohen,Fear
431,In The Dark,Shelley Harland,Fear
432,In The Morning,Club 8,Fear
433,Inside,Bang Gang,Fear
434,Is There Somebody Who Can Watch You,The 1975,Fear
435,Jailcell Mind,Hayley Sales,Fear
436,"Jesus, Walk With Me",Club 8,Fear
437,Just Hold Me,Maria Mena,Fear
438,just like heaven,Katie Melua,Fear
439,Keep Walking or I'll Kill You,Agnes Kain,Fear
440,Killer On The Road,Oh Laura,Fear
441,Leave The Light On,Priscilla Ahn,Fear
442,Let It Rain,Olivia Ong,Fear
443,Life For Rent,Dido,Fear
444,Light Up the Sky,The Afters,Fear
445,Like A Star,Corinne Bailey Rae,Fear
446,Limit To Your Love,Feist,Fear
447,Little Girl In The World,ÁÖ¶þãë,Fear
448,Little Love Caster,Laura Marling,Fear
449,Little Talks,Of Monsters and Men,Fear
450,Living In The Moment,Jason Mraz,Fear
451,Lonely Road,Everlast,Fear
452,Lost & Found,Lianne La Havas,Fear
453,Love In December,Club 8,Fear
454,Love Song For 1,Corrinne May,Fear
455,Love You So,Natalie,Fear
456,May It Be,Enya,Fear
457,Maybe I'Ll Go,Lene Marlin,Fear
458,Melt The Snow,Shayne Ward,Fear
459,Milk And Toast And Honey,Roxette,Fear
460,Miss You,coldrain,Fear
461,Mondo Bongo,Joe Strummer & The Mescaleros,Fear
462,Much Farther To Go,Rosie Thomas,Fear
463,My Love,Lene Marlin,Fear
464,My Place,Nelly,Fear
465,Never Know,Jack Johnson,Fear
466,Never Say Goodbye (Adapted From _Pavane_),Hayley Westenra,Fear
467,Not Going Anywhere,Keren Ann,Fear
468,Nothing But A Miracle,Diane Birch,Fear
469,Only Ones Who Know,Arctic Monkeys,Fear
470,Open,Rhye,Fear
471,Out From Under,Britney Spears,Fear
472,Over The Rainbow _ What A Wonderful World,Israel Kamakawiwo'ole,Fear
473,Over The Way,»Æ½¨Îª,Fear
474,Paper Aeroplane,KT Tunstall,Fear
475,Parachute,Sean Lennon,Fear
476,Pinocchio Story (Freestyle Live Fr,Kanye West,Fear
477,(I'Ll Never Be) Your Maggie May,Suzanne Vega,Fear
478,1234,Feist,Fear
479,7 Days,Craig David,Fear
480,A Good Day (Morning Song),Priscilla Ahn,Fear
481,A Little Love,·ëêØæ¥,Fear
482,A Place Nearby,Lene Marlin,Fear
483,A Public Affair,Jessica Simpson,Fear
484,A Thousand Kisses Deep,Leonard Cohen,Fear
485,A Thousand Years,Christina Perri,Fear
486,Air Traffic,Owl City,Fear
487,All About Your Heart,Mindy Gledhill,Fear
488,All The Way,Craig David,Fear
489,Always Getting Over You,Angela Ammons,Fear
490,Amazing Grace,Olivia Ong,Fear
491,At Or With Me,Jack Johnson,Fear
492,Aubrey (Lp Version),Bread,Fear
493,Be Still,Kari Jobe,Fear
494,Because Trees Can Fly,Lampshade,Fear
495,Behind These Hazel Eyes,Kelly Clarkson,Fear
496,Better Than A Hallelujah,AMY GRANT,Fear
497,Better Together,Jack Johnson,Fear
498,Between Sheets,Imogen Heap,Fear
499,Blonde On Blonde,Nada Surf,Fear
500,Blue Skies,Lady & Bird,Fear
501,Boogie Street,Leonard Cohen,Fear
502,Boston,Augustana,Fear
503,Breathe,Telepopmusik,Fear
504,Breeze,Sophie Zelmani,Fear
505,But For Now,Jamie Cullum,Fear
506,By Our Love,Christy Nockels,Fear
507,Chapter Six,Kendrick Lamar,Fear
508,Please Sister,The Cardigans,Fear
509,Preparing To Leave,Lunik,Fear
510,Proud Of You,·ëêØæ¥,Fear
511,Raise Your Voices,Secret Garden,Fear
512,Relief,Chris Garneau,Fear
513,return to me,october project,Fear
514,Right Next To The Right One,Tim Christensen,Fear
515,Sad News,Chris Garneau,Fear
516,Safe And Sound,Azure Ray,Fear
517,Save Me From Myself,Christina Aguilera,Fear
518,Say Hello,Rosie Thomas,Fear
519,Scarborough Fair,Sarah Brightman,Fear
520,Seven Days In Sunny June,Jamiroquai,Fear
521,Seven Years,Norah Jones,Fear
522,Seventeen,Keren Ann,Fear
523,Sextape,Deftones,Fear
524,She'S The One,Robbie Williams,Fear
525,Shining Friends,·ëêØæ¥,Fear
526,Should It Matter,Sissel,Fear
527,Should You Return,Copeland,Fear
528,Silver Lining,Kacey Musgraves,Fear
529,Sleep With You,Egil Olsen,Fear
530,Small Hours,John Martyn,Fear
531,So Far,Chris Garneau,Fear
532,Somebody That I Used To Know,Gotye,Fear
533,Sometimes,Britney Spears,Fear
534,Speak Your Heart,Lizz Wright,Fear
535,Stay The Same,Joey Mcintyre,Fear
536,Stephanie Says,Lady & Bird,Fear
537,Street Map,Athlete,Fear
538,Sugarcane,Missy Higgins,Fear
539,Suicide Is Painless,Lady & Bird,Fear
540,Sunrise,Norah Jones,Fear
541,Swingset Chain,Loquat,Fear
542,Thank You,Dido,Fear
543,the corrs,rain,Fear
544,The Crime At Edmond Lake,Tamas Wells,Fear
545,The Hill,Marketa Irglova,Fear
546,The Long And Winding Road,Paul McCartney,Fear
547,The One You Love,Glenn Frey,Fear
548,The Parting Glass,The High Kings,Fear
549,The Sighting,A Fine Frenzy,Fear
550,The Veldt (Radio Edit),Deadmau5,Fear
551,The Water Is Wide,James Taylor,Fear
552,The Way You Look Tonight,Maroon 5,Fear
553,The World As I See It,Jason Mraz,Fear
554,Then Go [Live From Union Chapel],Damien Rice,Fear
555,they,Jem,Fear
556,Three Courses And An Open Canoe,Tamas Wells,Fear
557,To The Country,Laura Veirs And Saltbreakers,Fear
558,Tonight I Wanna Cry,Keith Urban,Fear
559,Too Serious Too Soon,Gareth Gates,Fear
560,Try To Remember,ÀèÃ÷,Fear
561,Unchained Melody,Harry Belafonte,Fear
562,wait,Alexi Murdoch,Fear
563,Wanna Be Close,Avant,Fear
564,Wash Away,Matt Costa,Fear
565,We Exchanged Words,Azure Ray,Fear
566,What a Wonderful World,Stacey Kent,Fear
567,What Goes Around Comes Around,Justin Timberlake,Fear
568,When You Wish Upon A Star,Rosemary Clooney,Fear
569,While My Guitar Gently Weeps,ÄªÎÄÎµ,Fear
570,Wild Is The Wind,Amel Larrieux,Fear
571,Windmills Of Your Mind,Sting,Fear
572,Worry About You,Ivy,Fear
573,You,chris young,Fear
574,You Are My Sunshine,Carly Simon,Fear
575,You Belong To Me,Carla Bruni,Fear
576,You Belong To Me,Jason Wade,Fear
577,You Took My Heart Away,Michael Learns To Rock,Fear
171,Anyone Of Us (Stupid Mistake),Gareth Gates,Happy
172,Around The World,Aqua,Happy
173,Bruises,Chairlift,Happy
174,Bubbly,Colbie Caillat,Happy
175,Captains And Cruise Ships,Owl City,Happy
176,Carried Away,Passion Pit,Happy
177,Cartoon Heroes,Aqua,Happy
178,Caskets,Damien Jurado,Happy
179,Catholic Pagans,surfer blood,Happy
180,Chloe (You're The One I Want),Emblem3,Happy
181,Choose Love,Ringo Starr,Happy
182,Come To My Window,Melissa Etheridge,Happy
183,Crashed The Wedding,Busted,Happy
184,Cuddly Toy,The Monkees,Happy
185,Cups,Anna Kendrick,Happy
186,Cute,David Steinberg,Happy
187,Dancing In The Moonlight,Toploader,Happy
188,Dannyboy,Youngblood Hawke,Happy
189,Daydream Believer,The Monkees,Happy
190,Daylight,Matt & Kim,Happy
191,Dementia,Owl City,Happy
192,Do Ya Thang,Rihanna,Happy
193,Doing Fine (Without You),Pixie Lott,Happy
194,Don't Leave Me (Ne Me Quitte Pas),regina spektor,Happy
195,Don'T Let The Man Get You Down,Fatboy Slim,Happy
196,Don'T Stop Me Now,Queen,Happy
197,Don'T Stop Movin',S Club 7,Happy
198,Dream Catch Me,Newton Faulkner,Happy
199,Electric Daydream,Viva Brother,Happy
200,End Of The Line,Traveling Wilburys,Happy
201,Every Little Thing,Good Lovelies,Happy
202,Everyday,Sausalito Foxtrot,Happy
203,Everything At Once,Lenka,Happy
204,Falling Up,John Hiatt,Happy
205,Fascination,Alphabeat,Happy
206,Favorite Song,Colbie Caillat,Happy
207,Fireflies,Owl City,Happy
208,Forget That Girl,The Monkees,Happy
209,Foundations,Kate Nash,Happy
210,Free,Good Lovelies,Happy
211,Fun.,All The Pretty Girls,Happy
212,Funny Little Frog,belle and sebastian,Happy
213,Get Lost,Patrick Wolf,Happy
214,Get Lucky,dragonette,Happy
215,Girl In Your Dreams,M2M,Happy
216,Glad You Came,The Wanted,Happy
217,Gold,Owl City,Happy
218,Good Day,Nappy Roots,Happy
219,Goodness Gracious,Ellie Goulding,Happy
220,Great Divide,Hanson,Happy
221,Happy,Natasha Bedingfield,Happy
222,Happy,Pharrell Williams,Happy
223,Heart Of A Jealous Man,The Notorious Cherry Bombs,Happy
224,Hello,Tristan Prettyman,Happy
225,Here Comes The Sun,The Beatles,Happy
226,Hey Julie,Fountains of Wayne,Happy
227,Hey Man (Now You'Re Really Living),Eels,Happy
228,Hey Scenesters!,The Cribs,Happy
229,"Hey, Soul Sister",Train,Happy
230,Holiday In My Head,Smash Mouth,Happy
231,Hot Air Balloon,Owl City,Happy
232,I Can See Clearly Now,Jimmy Cliff,Happy
233,I Could Be The One ( Lp Version ),Donna Lewis,Happy
234,I Feel It All,Feist,Happy
235,I Feel Like Going Home,Muddy Waters,Happy
236,I Love Nyc,Andrew W.K.,Happy
237,I'Ll Be Your Man,James Blunt,Happy
238,I'M A Believer,The Monkees,Happy
239,You Just May Be The One,The Monkees,Happy
240,I'm Yours,Jason Mraz,Happy
241,If I Ever Break Your Heart,The Notorious Cherry Bombs,Happy
242,In the summertime,Mungo jerry,Happy
243,It Gets Better,Fun.,Happy
244,It's a Beautiful Day,Michael Bubl¨¦,Happy
245,It'S Amazing,Jem,Happy
246,It'S Not Over (Death Or The Toy Piano),The Puppini Sisters,Happy
247,Iyiyi (Feat. Flo Rida),Cody Simpson,Happy
248,Junk Of The Heart (Happy),The Kooks,Happy
249,King Of Anything,Sara Bareilles,Happy
250,Kiss Me Slowly,Parachute,Happy
251,L.I.F.E.G.O.E.S.O.N.,Noah And The Whale,Happy
252,La Isla Bonita,Madonna,Happy
253,Last Train To Clarksville,The Monkees,Happy
254,Ldn,Lily Allen,Happy
255,Lemonade,Chris Rice,Happy
256,Listen To The Band,The Monkees,Happy
257,Littlest Things,Lily Allen,Happy
258,Lollipop,Aqua,Happy
259,Lollipop,Mika,Happy
260,Look Out (Here Comes Tomorrow),The Monkees,Happy
261,Love Generation,Bob Sinclar,Happy
262,Love Love Love (Album Version),Tristan Prettyman,Happy
263,Love Will Keep Us Alive,Eagles,Happy
264,Love You Like A Love Song,Selena Gomez & The Scene,Happy
265,Lovefool,The Cardigans,Happy
266,Loving You Tonight,Andrew Allen,Happy
267,Lucky,"Colbie Caillat,Jason Mraz",Happy
268,Luna,Bombay Bicycle Club,Happy
269,Making Memories Of Us,The Notorious Cherry Bombs,Happy
270,Man! I Feel Like A Woman!,Shania Twain,Happy
271,1(If Youre Wondering If I Want You To) I Want You To,Weezer,Happy
272,1234,Feist,Happy
273,5 Years Time,Noah And The Whale,Happy
274,93 Million Miles,Jason Mraz,Happy
275,A Name In This Town,Josh Thompson,Happy
276,Alfie,Lily Allen,Happy
277,All Star,Smash Mouth,Happy
278,All The Pretty Girls,Fun.,Happy
279,Amnesia,The Fabulous Thunderbirds,Happy
280,And Then You,Greg Laswell,Happy
281,Astronaut,Just Jack,Happy
282,Australia,"The,shins",Happy
283,Backyard,Good Lovelies,Happy
284,Barbie Girl,Aqua,Happy
285,Beautiful Girls,Sean Kingston,Happy
286,Beautiful Soul,Jesse Mccartney,Happy
287,Beauty In The World,Macy Gray,Happy
288,Best Day Of My Life,American Authors,Happy
289,Billionaire (Feat. Bruno Mars),Travie Mccoy,Happy
290,Billy Brown,MIKA,Happy
291,Bourgeois Shangri-La,miss li,Happy
292,Breakdown,Jack Johnson,Happy
293,Marry You,Bruno Mars,Happy
294,Me And You,Ringo Starr,Happy
295,Mean,Taylor Swift,Happy
296,Mine,Taylor Swift,Happy
297,Misery,Maroon 5,Happy
298,Mobile,Avril Lavigne,Happy
299,Modern Nature,Sondre Lerche,Happy
300,Move Your Feet,Junior Senior,Happy
301,Moves Like Jagger,Maroon 5,Happy
302,Mrs. T.,Good Lovelies,Happy
303,My Baby,Britney Spears,Happy
304,Never Know,Jack Johnson,Happy
305,No Escape From The Blues,Muddy Waters,Happy
306,On The Road To Ruin,The Notorious Cherry Bombs,Happy
307,On Top Of The World,Imagine Dragons,Happy
308,Otherside,Viva Brother,Happy
309,Pacific Coast Party,Smash Mouth,Happy
310,Party Til You Puke,Andrew W.K.,Happy
311,Pass Out,Tinie Tempah,Happy
312,Pencil Full Of Lead,Paolo Nutini,Happy
313,Plage,crystal fighters,Happy
314,Pleasant Valley Sunday,The Monkees,Happy
315,Please,Tristan Prettyman,Happy
316,Pocketful Of Sunshine,Natasha Bedingfield,Happy
317,Polythene Queen,miss li,Happy
318,Pumped up Kicks (Album Version),Foster The People,Happy
319,Roll On Down The Highway,Bachman-Turner Overdrive,Happy
320,Roll To Me,Del Amitri,Happy
321,Santa Baby,Taylor Swift,Happy
322,Satisfied,Ringo Starr,Happy
323,Saturday'S Child,The Monkees,Happy
324,Say Hey (I Love You),Michael Franti & Spearhead,Happy
325,Second Hand,Bachman-Turner Overdrive,Happy
326,Shades Of Gray,The Monkees,Happy
327,Shake Up Christmas 2011,Natasha Bedingfield,Happy
328,She,The Monkees,Happy
329,Shock Me Into Love,Lenka,Happy
330,Should'Ve Said No,Taylor Swift,Happy
331,Shy That Way,"Tristan Prettyman,Jason Mraz",Happy
332,Smoke,Tristan Prettyman,Happy
333,So Much Love,the rocket summer,Happy
334,Some Nights (Intro),Fun.,Happy
335,Somedays,Room Eleven,Happy
336,Something Good Can Work,Two Door Cinema Club,Happy
337,Sometime In The Morning,The Monkees,Happy
338,Songs Like This,Carrie Underwood,Happy
339,Stacy's Mom,Fountains of Wayne,Happy
340,Stay The Night,James Blunt,Happy
341,Stutter,Maroon 5,Happy
342,Summer Sunshine (Album Version),The Corrs,Happy
343,Sunshine,Matt Costa,Happy
344,Sunshine In The Rain,Bwo,Happy
345,Sweet Sixteen,Hilary Duff,Happy
346,Take A Giant Step,The Monkees,Happy
347,Take It Off,Andrew W.K.,Happy
348,The Airway,Owl City,Happy
349,The Day I Died,Just Jack,Happy
350,The Girl I Knew Somewhere,The Monkees,Happy
351,The Lazy Song,Bruno Mars,Happy
352,The Love That Harms,John Hiatt,Happy
353,The Saltwater Room,Owl City,Happy
354,The Show,Lenka,Happy
355,The Turnaround,Ringo Starr,Happy
356,To All The Girls,Aaron Carter,Happy
357,Tonight Tonight,Hot Chelle Rae,Happy
358,Top Of The World,Carpenters,Happy
359,Treacherous,Taylor Swift,Happy
360,True Love,The Fabulous Thunderbirds,Happy
361,Two Doors Down,Mark Burchfield,Happy
362,Up And Up,Relient K,Happy
363,Valleri,The Monkees,Happy
364,Wait A Minute,The Notorious Cherry Bombs,Happy
365,Wake Me Up Before You Go Go,Wham,Happy
366,Walking On Sunshine,Katrina And The Waves,Happy
367,Walking The Dog,Fun.,Happy
368,We Are Golden,MIKA,Happy
369,We Will Not Grow Old,Lenka,Happy
370,We're Going To Be Friends,The White Stripes,Happy
371,What Makes You Beautiful,One Direction,Happy
372,Whatever You Like (Single Version),Anya Marina,Happy
373,When I Go,Slow Club,Happy
374,"Whenever, Wherever",Shakira,Happy
375,Words,The Monkees,Happy
376,Year 3000,Jonas Brothers,Happy
578,9 Crimes,Damien Rice,Sad
579,A Different Kind Of Pain (Album Version),Cold,Sad
580,A Natural Disaster,Anathema,Sad
581,A Place Nearby,Lene Marlin,Sad
582,A Thousand Miles,Vanessa Carlton,Sad
583,Again And Again,Jewel,Sad
584,All I Ever Wanted,The Airborne Toxic Event,Sad
585,All Out Of Love,Air Supply,Sad
586,All Too Well,Taylor Swift,Sad
587,Almost Lover (Album Version),A Fine Frenzy,Sad
588,Alone (2000 Digital Remaster),Heart,Sad
589,Angel Of Mine,Monica,Sad
590,As Long As You Love Me,Backstreet Boys,Sad
591,Ashes And Wine,A Fine Frenzy,Sad
592,Back To December,Taylor Swift,Sad
593,Be Alright,Justin Bieber,Sad
594,Better Off Dead,anathema,Sad
595,Better Than A Hallelujah,AMY GRANT,Sad
596,Black & Blue,Chris Garneau,Sad
597,Blue Velvet,Lana Del Rey,Sad
598,Born To Die,Lana Del Rey,Sad
599,Brand New Me,Alicia Keys,Sad
600,Breathe Again,Sara Bareilles,Sad
601,Brick,Ben Folds Five,Sad
602,Broken,Jake Bugg,Sad
603,California Dreaming,North,Sad
604,Cancer,My Chemical Romance,Sad
605,Caving In,Kimya Dawson,Sad
606,Christmas In My Heart (Single Version),Sarah Connor,Sad
607,Christmas Lights,Coldplay,Sad
608,Cold As You,Taylor Swift,Sad
609,Cold Water,Damien Rice,Sad
610,Coldest Winter,Kanye West,Sad
611,Communication,The Cardigans,Sad
612,Cry,James Blunt,Sad
613,Death To Birth,Michael Pitt,Sad
614,Disguise,Lene Marlin,Sad
615,Do I Have To Cry For You,Nick Carter,Sad
616,Down,"Jason Walker,Molly Reed",Sad
617,"Drama, Love & 'Lationships",Babyface,Sad
618,Dreamer,Uh Huh Her,Sad
619,Dying,Hole,Sad
620,Dying In The Sun,The Cranberries,Sad
621,Elizabeth On The Bathroom Floor,Eels,Sad
622,England Made Me,Black Box Recorder,Sad
623,Even Heaven Cries,Monrose,Sad
624,Everything Will Flow,Suede,Sad
625,Eyepennies,Sparklehorse,Sad
626,Fire Burning,Sean Kingston,Sad
627,Flying,Anathema,Sad
628,Follow You Down To The Red Oak Tree,James Vincent McMorrow,Sad
629,Forever Young,Alphaville,Sad
630,Forget Her,Jeff Buckley,Sad
631,Forgotten Hopes,Anathema,Sad
632,Foundations,Kate Nash,Sad
633,God Is A Girl,Groove Coverage,Sad
634,Goodbye my lover,James blunt,Sad
635,Gravity,Sara Bareilles,Sad
636,Half Life,Imogen Heap,Sad
637,Hallelujah,Rufus Wainwright,Sad
638,Happily Never After,The Pussycat Dolls,Sad
639,Happiness,The Fray,Sad
640,Happy Xmas (War Is Over),The Moody Blues,Sad
641,Haunted,Radical Face,Sad
642,Haunted,Taylor Swift,Sad
643,Heaven,Beyonce,Sad
644,Here Come The Tears,Judas Priest,Sad
645,Here Comes A Regular,The Replacements,Sad
646,Here Without You,3 Doors Down,Sad
647,Hero,Mariah Carey,Sad
648,Holiday In Spain,Counting Crows,Sad
649,Home,Michael Bubl¨¦,Sad
650,Hope There'S Someone,Antony & The Johnsons,Sad
651,How,regina spektor,Sad
652,How Could I,Marc Anthony,Sad
653,How To Fight  Loneliness,Wilco,Sad
654,Hurt,Christina Aguilera,Sad
655,Hurt,Johnny Cash,Sad
656,I Cry,Westlife,Sad
657,I Knew I Loved You,Savage Garden,Sad
658,I M Still Breathing,Katy Perry,Sad
659,I'M Ok,Christina Aguilera,Sad
660,If I Had a Boat,James Vincent McMorrow,Sad
661,If I Were A Boy,Beyonce,Sad
662,If This Was a Movie,Taylor Swift,Sad
663,In My Secret Life,Leonard Cohen,Sad
664,Innocent,Taylor Swift,Sad
665,Invisible,Taylor Swift,Sad
666,It Doesn't Have To Be Beautiful,Slow Club,Sad
667,It's All Okay,Julia Stone,Sad
668,Jar Of Hearts,Christina Perri,Sad
669,Kiss Me,Tom Waits,Sad
670,La Ballade Of Lady & Bird,Lady & Bird,Sad
671,Last Christmas,Taylor Swift,Sad
672,Last Goodbye,Ke$ha,Sad
673,Last Kiss,Taylor Swift,Sad
674,Let It Go,Demi Lovato,Sad
675,Letting Go,Jo De La Rosa,Sad
676,Life Is Wonderful,Jason Mraz,Sad
677,Lost Without You,Delta Goodrem,Sad
678,Like A Song,Lenka,Sad
679,Living To Love You,Sarah Connor,Sad
680,Lonely As You,Foo Fighters,Sad
681,Lonely Enough,Little Big Town,Sad
682,Lonely Girls,Lucinda Williams,Sad
683,Lonely Lullaby,Owl City,Sad
684,Look On Down From The Bridge,Mazzy Star,Sad
685,Lose You,Pete Yorn,Sad
686,Love The Way You Lie,"Eminem,Rihanna",Sad
687,Lullaby,The Cure,Sad
688,Mad World,Gary jules,Sad
689,Manhattan,Sara Bareilles,Sad
690,Marching Bands Of Manhattan,Death Cab For Cutie,Sad
691,Marry You,Bruno Mars,Sad
692,Maybe California,Tori Amos,Sad
693,me vs. maradona vs. elvis,Brand New,Sad
694,miserable at best,mayday parade,Sad
695,More Like Her,Miranda Lambert,Sad
696,my gift of silence,Blackfield,Sad
697,My Love,Lene Marlin,Sad
698,My Name Is Trouble,Keren Ann,Sad
699,Never Gonna Love Again,Lykke Li,Sad
700,Never Grow Up,Taylor Swift,Sad
701,Nicest Thing,Kate Nash,Sad
702,No Promises,Shayne Ward,Sad
703,No Tears,James Blunt,Sad
704,Not In Love,Enrique Iglesias,Sad
705,Nothing Compares,Pixie Lott,Sad
706,One Love,Blue,Sad
707,One More Chance,Will.i.am,Sad
708,One Time,Justin Bieber,Sad
709,Paper Ships (feat. the Silverl,Dead Man¡äs Bones,Sad
710,Parisienne Moonlight,Anathema,Sad
711,Philadelphia,NEIL YOUNG,Sad
712,Pink Rabbits,The National,Sad
713,"Please, Please, Please Let Me Get What I Want",The Smiths,Sad
714,Polly,Keren Ann,Sad
715,Red,Taylor Swift,Sad
716,Remember The Day,Animal Alpha,Sad
717,Restless,Alison Krauss & Union Station,Sad
718,Sad Eyes,Bat For Lashes,Sad
719,Say Goodbye,Katharine Mcphee,Sad
720,Seventeen,Keren Ann,Sad
721,Shadow,Britney Spears,Sad
722,Shape Of My Heart,Backstreet Boys,Sad
723,Shape Of My Heart,Sting,Sad
724,Shattered,trading yesterday,Sad
725,She Will Be Loved,Maroon 5,Sad
726,Shelter,Birdy,Sad
727,Silent Night,Taylor Swift,Sad
728,Skipalong,Lenka,Sad
729,Sometimes I Feel So Lonely,Primal Scream,Sad
730,Song To The Siren,John Frusciante,Sad
731,Stranger,Noah And The Whale,Sad
732,Stupid,Toni Braxton,Sad
733,Summertrain,Greyson Chance,Sad
734,Sunrise,Norah Jones,Sad
735,Take This Heart Of Mine,Marvin Gaye,Sad
736,Temptation,Moby,Sad
737,That Year,Brandi Carlile,Sad
738,The A Team,Ed Sheeran,Sad
739,The Blower'S Daughter,Damien Rice,Sad
740,The Chosen Pessimist,In Flames,Sad
741,The Day Before The Day,Dido,Sad
742,The Day You Went Away,M2M,Sad
743,The First Days Of Spring,Noah And The Whale,Sad
744,The Forgotten,Green Day,Sad
745,The Ketchup Song (Asereje),Cats Up,Sad
746,The Moment I Knew,Taylor Swift,Sad
747,The One That Got Away,Katy Perry,Sad
748,The Scientist,Coldplay,Sad
749,The World As I See It,Jason Mraz,Sad
750,The Worry List,Blue October,Sad
751,These Four Walls,Shawn Colvin,Sad
752,This New Heartache,Vince Gill,Sad
753,Time Enough For Tears (Borrowed Heaven_Album Version),The Corrs,Sad
754,Time To Carry On,Vince Gill,Sad
755,To Blossom Blue,Lake Of Tears,Sad
756,Twilight Innocence,Novembers Doom,Sad
757,U-Turn (Lili),Aaron,Sad
758,Undenied,Portishead,Sad
759,Unfold,The XX,Sad
760,Untouchable,Taylor Swift,Sad
761,Unwritten,Natasha Bedingfield,Sad
762,Vanilla Twilight,Owl City,Sad
763,What He Wrote,Laura Marling,Sad
764,What Sarah Said (Album Version),Death Cab For Cutie,Sad
765,Whataya Want From Me,Adam Lambert,Sad
766,When You'Re Gone,Avril Lavigne,Sad
767,Where Are You Now,Britney Spears,Sad
768,Whiskey Lullaby,"Alison Krauss,Brad Paisley",Sad
769,Wild World,Mr. Big,Sad
770,Wise Up,Aimee Mann,Sad
771,With Him,Babyface,Sad
772,You Give Me Something,James Morrison,Sad
773,You Know What,Craig David,Sad
774,You Stole,Brand New,Sad
775,You'Re Not Alone,Shayne Ward,Sad
776,Zombie,The Cranberries,Sad
443,Life For Rent,Dido,Surprise
209,Foundations,Kate Nash,Surprise
187,Dancing In The Moonlight,Toploader,Surprise
331,Shy That Way,"Tristan Prettyman,Jason Mraz",Surprise
252,La Isla Bonita,Madonna,Surprise
261,Love Generation,Bob Sinclar,Surprise
270,Man! I Feel Like A Woman!,Shania Twain,Surprise
339,Stacy's Mom,Fountains of Wayne,Surprise
536,Stephanie Says,Lady & Bird,Surprise
407,Hard Believer,First Aid Kit,Surprise
428,I'Ve Never Been To Me,Charlene,Surprise
503,Breathe,Telepopmusik,Surprise
186,Cute,David Steinberg,Surprise
564,Wash Away,Matt Costa,Surprise
364,Wait A Minute,The Notorious Cherry Bombs,Surprise
493,Be Still,Kari Jobe,Surprise
365,Wake Me Up Before You Go Go,Wham,Surprise
466,Never Say Goodbye (Adapted From _Pavane_),Hayley Westenra,Surprise
566,What a Wonderful World,Stacey Kent,Surprise
190,Daylight,Matt & Kim,Surprise
287,Beauty In The World,Macy Gray,Surprise
415,How To Save A Life,The Fray,Surprise
445,Like A Star,Corinne Bailey Rae,Surprise
524,She'S The One,Robbie Williams,Surprise
281,Astronaut,Just Jack,Surprise
301,Moves Like Jagger,Maroon 5,Surprise
567,What Goes Around Comes Around,Justin Timberlake,Surprise
381,Comes And Goes (In Waves),Greg Laswell,Surprise
216,Glad You Came,The Wanted,Surprise
551,The Water Is Wide,James Taylor,Surprise
254,Ldn,Lily Allen,Surprise
358,Top Of The World,Carpenters,Surprise
490,Amazing Grace,Olivia Ong,Surprise
484,A Thousand Kisses Deep,Leonard Cohen,Surprise
552,The Way You Look Tonight,Maroon 5,Surprise
272,1234,Feist,Surprise
347,Take It Off,Andrew W.K.,Surprise
488,All The Way,Craig David,Surprise
375,Words,The Monkees,Surprise
435,Jailcell Mind,Hayley Sales,Surprise
259,Lollipop,Mika,Surprise
562,wait,Alexi Murdoch,Surprise
322,Satisfied,Ringo Starr,Surprise
507,Chapter Six,Kendrick Lamar,Surprise
212,Funny Little Frog,belle and sebastian,Surprise
449,Little Talks,Of Monsters and Men,Surprise
569,While My Guitar Gently Weeps,ÄªÎÄÎµ,Surprise
473,Over The Way,»Æ½¨Îª,Surprise
355,The Turnaround,Ringo Starr,Surprise
497,Better Together,Jack Johnson,Surprise
189,Daydream Believer,The Monkees,Surprise
440,Killer On The Road,Oh Laura,Surprise
504,Breeze,Sophie Zelmani,Surprise
173,Bruises,Chairlift,Surprise
369,We Will Not Grow Old,Lenka,Surprise
184,Cuddly Toy,The Monkees,Surprise
318,Pumped up Kicks (Album Version),Foster The People,Surprise
312,Pencil Full Of Lead,Paolo Nutini,Surprise
303,My Baby,Britney Spears,Surprise
545,The Hill,Marketa Irglova,Surprise
361,Two Doors Down,Mark Burchfield,Surprise
348,The Airway,Owl City,Surprise
310,Party Til You Puke,Andrew W.K.,Surprise
468,Nothing But A Miracle,Diane Birch,Surprise
280,And Then You,Greg Laswell,Surprise
446,Limit To Your Love,Feist,Surprise
460,Miss You,coldrain,Surprise
213,Get Lost,Patrick Wolf,Surprise
399,Going Home,Sophie Zelmani,Surprise
444,Light Up the Sky,The Afters,Surprise
294,Me And You,Ringo Starr,Surprise
427,I've Been In Love Before,Cutting Crew,Surprise
402,Goodbye,Sophie Zelmani,Surprise
271,1(If Youre Wondering If I Want You To) I Want You To,Weezer,Surprise
244,It's a Beautiful Day,Michael Bubl¨¦,Surprise
388,End Of May,Keren Ann,Surprise
508,Please Sister,The Cardigans,Surprise
385,Dear Diary,Britney Spears,Surprise
447,Little Girl In The World,ÁÖ¶þãë,Surprise
509,Preparing To Leave,Lunik,Surprise
198,Dream Catch Me,Newton Faulkner,Surprise
423,I Need Some Sleep,Eels,Surprise
268,Luna,Bombay Bicycle Club,Surprise
218,Good Day,Nappy Roots,Surprise
197,Don'T Stop Movin',S Club 7,Surprise
411,Here I Am,Leona Lewis,Surprise
452,Lost & Found,Lianne La Havas,Surprise
424,I Was Only Joking,Rod Stewart,Surprise
211,Fun.,All The Pretty Girls,Surprise
299,Modern Nature,Sondre Lerche,Surprise
176,Carried Away,Passion Pit,Surprise
543,the corrs,rain,Surprise
457,Maybe I'Ll Go,Lene Marlin,Surprise
403,Grace,Laura Story,Surprise
334,Some Nights (Intro),Fun.,Surprise
295,Mean,Taylor Swift,Surprise
258,Lollipop,Aqua,Surprise
352,The Love That Harms,John Hiatt,Surprise
439,Keep Walking or I'll Kill You,Agnes Kain,Surprise
554,Then Go [Live From Union Chapel],Damien Rice,Surprise
301,Moves Like Jagger,Maroon 5,Neutral
745,The Ketchup Song (Asereje),Cats Up,Neutral
227,Hey Man (Now You'Re Really Living),Eels,Neutral
741,The Day Before The Day,Dido,Neutral
305,No Escape From The Blues,Muddy Waters,Neutral
212,Funny Little Frog,belle and sebastian,Neutral
604,Cancer,My Chemical Romance,Neutral
295,Mean,Taylor Swift,Neutral
632,Foundations,Kate Nash,Neutral
711,Philadelphia,NEIL YOUNG,Neutral
750,The Worry List,Blue October,Neutral
623,Even Heaven Cries,Monrose,Neutral
324,Say Hey (I Love You),Michael Franti & Spearhead,Neutral
727,Silent Night,Taylor Swift,Neutral
348,The Airway,Owl City,Neutral
617,"Drama, Love & 'Lationships",Babyface,Neutral
612,Cry,James Blunt,Neutral
186,Cute,David Steinberg,Neutral
258,Lollipop,Aqua,Neutral
331,Shy That Way,"Tristan Prettyman,Jason Mraz",Neutral
639,Happiness,The Fray,Neutral
611,Communication,The Cardigans,Neutral
303,My Baby,Britney Spears,Neutral
767,Where Are You Now,Britney Spears,Neutral
645,Here Comes A Regular,The Replacements,Neutral
274,93 Million Miles,Jason Mraz,Neutral
354,The Show,Lenka,Neutral
664,Innocent,Taylor Swift,Neutral
281,Astronaut,Just Jack,Neutral
178,Caskets,Damien Jurado,Neutral
259,Lollipop,Mika,Neutral
591,Ashes And Wine,A Fine Frenzy,Neutral
682,Lonely Girls,Lucinda Williams,Neutral
214,Get Lucky,dragonette,Neutral
322,Satisfied,Ringo Starr,Neutral
359,Treacherous,Taylor Swift,Neutral
319,Roll On Down The Highway,Bachman-Turner Overdrive,Neutral
299,Modern Nature,Sondre Lerche,Neutral
216,Glad You Came,The Wanted,Neutral
370,We're Going To Be Friends,The White Stripes,Neutral
734,Sunrise,Norah Jones,Neutral
345,Sweet Sixteen,Hilary Duff,Neutral
641,Haunted,Radical Face,Neutral
700,Never Grow Up,Taylor Swift,Neutral
267,Lucky,"Colbie Caillat,Jason Mraz",Neutral
255,Lemonade,Chris Rice,Neutral
658,I M Still Breathing,Katy Perry,Neutral
718,Sad Eyes,Bat For Lashes,Neutral
233,I Could Be The One ( Lp Version ),Donna Lewis,Neutral
334,Some Nights (Intro),Fun.,Neutral
685,Lose You,Pete Yorn,Neutral
306,On The Road To Ruin,The Notorious Cherry Bombs,Neutral
229,"Hey, Soul Sister",Train,Neutral
222,Happy,Pharrell Williams,Neutral
183,Crashed The Wedding,Busted,Neutral
317,Polythene Queen,miss li,Neutral
744,The Forgotten,Green Day,Neutral
589,Angel Of Mine,Monica,Neutral
597,Blue Velvet,Lana Del Rey,Neutral
323,Saturday'S Child,The Monkees,Neutral
584,All I Ever Wanted,The Airborne Toxic Event,Neutral
375,Words,The Monkees,Neutral
729,Sometimes I Feel So Lonely,Primal Scream,Neutral
695,More Like Her,Miranda Lambert,Neutral
262,Love Love Love (Album Version),Tristan Prettyman,Neutral
260,Look Out (Here Comes Tomorrow),The Monkees,Neutral
256,Listen To The Band,The Monkees,Neutral
613,Death To Birth,Michael Pitt,Neutral
195,Don'T Let The Man Get You Down,Fatboy Slim,Neutral
596,Black & Blue,Chris Garneau,Neutral
624,Everything Will Flow,Suede,Neutral
248,Junk Of The Heart (Happy),The Kooks,Neutral
578,9 Crimes,Damien Rice,Neutral
318,Pumped up Kicks (Album Version),Foster The People,Neutral
593,Be Alright,Justin Bieber,Neutral
343,Sunshine,Matt Costa,Neutral
662,If This Was a Movie,Taylor Swift,Neutral
313,Plage,crystal fighters,Neutral
298,Mobile,Avril Lavigne,Neutral
652,How Could I,Marc Anthony,Neutral
627,Flying,Anathema,Neutral
619,Dying,Hole,Neutral
321,Santa Baby,Taylor Swift,Neutral
361,Two Doors Down,Mark Burchfield,Neutral
332,Smoke,Tristan Prettyman,Neutral
595,Better Than A Hallelujah,AMY GRANT,Neutral
367,Walking The Dog,Fun.,Neutral
747,The One That Got Away,Katy Perry,Neutral
602,Broken,Jake Bugg,Neutral
276,Alfie,Lily Allen,Neutral
638,Happily Never After,The Pussycat Dolls,Neutral
221,Happy,Natasha Bedingfield,Neutral
690,Marching Bands Of Manhattan,Death Cab For Cutie,Neutral
200,End Of The Line,Traveling Wilburys,Neutral
601,Brick,Ben Folds Five,Neutral
674,Let It Go,Demi Lovato,Neutral
712,Pink Rabbits,The National,Neutral
277,All Star,Smash Mouth,Neutral
656,I Cry,Westlife,Neutral
251,L.I.F.E.G.O.E.S.O.N.,Noah And The Whale,Neutral
